code,title,location
1-001,NEW TESTAMENT,棚指定なし
1-002,径経（中国語聖書）,棚指定なし
1-003,新約聖書英和対照,棚指定なし
1-004,中国語聖書,棚指定なし
1-005,モンゴル語聖書,棚指定なし
1-006,NIV STUDY BIBLE,棚指定なし
1-007,旧新約聖書全一巻,棚指定なし
1-008,新約聖書　　詩篇、箴言付（ﾘﾋﾞﾝｸﾞﾊﾞｲﾌﾞﾙﾝｸﾞﾊﾞｲﾌﾞﾙ）,棚指定なし
1-009,ＢＩＢＬＥ　ＩＮ　ＢＡＳＩＣ　ＥＮＧＬＩＳＨ,棚指定なし
1-010,新約聖書　　スタディ版,棚指定なし
1-011,こてこて大阪弁訳「聖書」,棚指定なし
1-012,新約聖書　　新共同訳,棚指定なし
1-013,新約聖書　　新共同訳,棚指定なし
1-014,ハングル語聖書,棚指定なし
1-015,インドネシア語聖書,棚指定なし
1-016,ＮＥＷ　ＴＥＳＴＡＭＥＮＴ　　NKJ/新共同訳,棚指定なし
1-017,ＮＥＷ　ＴＥＳＴＡＭＥＮＴ　　NKJ/新共同訳,棚指定なし
1-018,新改訳２０１７　聖書,棚指定なし
1-019,GOOD   NEWS  BIBLE,棚指定なし
1-020,図説大聖書,棚指定なし
1-021,リビングバイブル,棚指定なし
1-022,新約聖書　エマオ出版訳,棚指定なし
1-023,New　American　Standard　Bible,棚指定なし
1-024,旧新約聖書（文語訳）,棚指定なし
2-001,ＰＯＷＥＲ　ＦＯＲ　ＬＩＶＩＮＧ,棚指定なし
2-002,あなたは何を根拠に信じるか,棚指定なし
2-003,ある男の遍歴,棚指定なし
2-004,科学と信仰は矛盾するか,棚指定なし
2-005,神の福音,棚指定なし
2-006,神を見出した科学者たち,棚指定なし
2-007,キリスト教ナビ,棚指定なし
2-008,ここに真理がある,棚指定なし
2-009,地獄の叫び,棚指定なし
2-010,死とその後,棚指定なし
2-011,信じるだけで救われるか,棚指定なし
2-012,牧師さんになったお坊さんの話,棚指定なし
2-013,イエス・キリストって信じていいの？,棚指定なし
2-014,21世紀をになうキリスト者へ,棚指定なし
2-015,あなたも必ず伝道に成功する,棚指定なし
2-016,あなたもできるあかし,棚指定なし
2-017,永遠の地獄,棚指定なし
2-018,人生の指針シリーズ①お経と聖書の成り立ち　,棚指定なし
2-019,人生の指針シリーズ②お経と聖書が教える「人間」,棚指定なし
2-020,人生の指針シリーズ③お経と聖書が教える「救い」,棚指定なし
2-021,人生の指針シリーズ④お経と聖書が教える「死後」,棚指定なし
2-022,学生たちの質問に答える,棚指定なし
2-023,拡大する人生,棚指定なし
2-024,キリストの神性,棚指定なし
2-025,クリスチャンの希望,棚指定なし
2-026,個人伝道法,棚指定なし
2-027,聖書教理Ｑ＆Ａ第1部,棚指定なし
2-028,聖書教理Ｑ＆Ａ第2部,棚指定なし
2-029,聖書教理Ｑ＆Ａ第3部,棚指定なし
2-030,たましいを追い求めよ,棚指定なし
2-031,友への架け橋,棚指定なし
2-032,アメイジングカット,棚指定なし
2-033,ＣＳ役立ちガイド,棚指定なし
2-034,あの説教いつ終わるの？,棚指定なし
2-035,お母さんのとっておきの話,棚指定なし
2-036,教えるための七つの法則,棚指定なし
2-037,お話がいっぱい　２,棚指定なし
2-038,お話とアイデア集　Ⅳ,棚指定なし
2-039,お話とアイデア集　Ⅴ,棚指定なし
2-040,がんばれ！ＣＳ教師,棚指定なし
2-041,教会教育,棚指定なし
2-042,この小さき者たちとともに,棚指定なし
2-043,視覚教科ハンドブック,棚指定なし
2-044,救いを子供にどう説明するか,棚指定なし
2-045,何でも使ってできる児童説教,棚指定なし
2-046,日曜学校の教授法,棚指定なし
2-047,人形大活躍,棚指定なし
2-048,見えますか子どもの心,棚指定なし
2-049,もっと聞かせて神さまのこと,棚指定なし
2-050,「教会は初めて」という人のための本,棚指定なし
2-051,「キリスト教は初めて」という人のための本,棚指定なし
2-052,「聖書は初めて」という人のための本,棚指定なし
2-053,人生で一番大切なこと,棚指定なし
2-054,クリスマスをあなたに,棚指定なし
2-055,牧会と伝道,棚指定なし
2-056,永遠の地獄,棚指定なし
2-059,Ｉ　ＬＯＶＥ　聖書,棚指定なし
2-060,あなたも必ず伝道に成功する,棚指定なし
2-061,あなたも必ず伝道に成功する,棚指定なし
2-062,あなたの大切な人におくるバイブルメッセージ,棚指定なし
2-063,あなたも必ず伝道に成功する（聖書とは解説書付き）,棚指定なし
2-064,こうしよう家族伝道,棚指定なし
2-065,生命の謎　　　ドーキンス「盲目の時計職人」への反論,棚指定なし
2-066,永遠の地獄,棚指定なし
2-067,あなたもできる　聖書のお話,棚指定なし
2-068,友への架け橋,棚指定なし
2-069,中高生に信仰を伝えるために,棚指定なし
2-070,個人伝道　　高橋陽子著,棚指定なし
2-071,断絶世代とつながるために,棚指定なし
2-072,ユニーク伝道法,棚指定なし
2-073,開拓伝道ガイドブック①,棚指定なし
2-074,開拓伝道ガイドブック②,棚指定なし
3-001,宗教改革,棚指定なし
3-002,教会とは,棚指定なし
3-003,教会の権威,棚指定なし
3-004,Ｌｅｃｔｕｒｅｓ　ｉｎ　Ｓｙｓｍａｔｉｃ　Ｔｈｅｏｌｏｇｙ,棚指定なし
3-005,牧会入門,棚指定なし
3-006,イエス・キリストの再臨,棚指定なし
3-007,永遠から永遠まで（エーリッヒ）,棚指定なし
3-008,永遠から永遠まで（ブース）,棚指定なし
3-009,神と人間,棚指定なし
3-010,神について,棚指定なし
3-011,キリスト教信仰の基礎,棚指定なし
3-012,キリスト教の教派,棚指定なし
3-013,キリスト教の暦,棚指定なし
3-014,キリスト教の礼拝,棚指定なし
3-015,キリスト教弁証論,棚指定なし
3-016,キリストの十字架,棚指定なし
3-017,サタン,棚指定なし
3-018,宗教改革,棚指定なし
3-019,十字架についての考察,棚指定なし
3-020,主の栄光,棚指定なし
3-021,主の栄光,棚指定なし
3-022,信徒の諸教会,棚指定なし
3-023,新約聖書は信頼できるか,棚指定なし
3-024,聖書の教理,棚指定なし
3-025,聖書の主要教理,棚指定なし
3-026,聖霊,棚指定なし
3-027,説教学,棚指定なし
3-028,聖書解釈学緒論,棚指定なし
3-029,聖書から考える牧会,棚指定なし
3-030,キリスト伝,棚指定なし
3-031,概説　新約聖書の神学,棚指定なし
3-032,旧約聖書緒論（エドワード・ヤング）,棚指定なし
3-033,新約聖書概観（メリル・テニイ）,棚指定なし
3-034,新約聖書結論（ヘンリー・シーセン）,棚指定なし
3-035,新約聖書における十字架,棚指定なし
3-036,スコーフィルド聖書研究,棚指定なし
3-037,スポルジョン　説教学入門　,棚指定なし
3-038,聖書解釈学概論,棚指定なし
3-039,聖書解釈学概論　バーナード・ラム,棚指定なし
3-040,世界の救いの黎明,棚指定なし
3-041,組織神学,棚指定なし
3-042,明解新約聖書講話,棚指定なし
3-043,世界の三大宗教,棚指定なし
3-044,キリスト教とは何か,棚指定なし
3-045,イエスの旅路,棚指定なし
3-046,バプテストその名称、信仰、歴史、使命、特色,棚指定なし
3-047,主の栄光,棚指定なし
3-048,新約聖書の概説　　　ﾍﾝﾘｴｯﾀ・Ｃ・ﾐｱｰｽﾞ,棚指定なし
3-049,旧約聖書の概説,棚指定なし
3-050,これからの世界情勢と聖書の預言,棚指定なし
3-051,ベーシックセオロジー,棚指定なし
3-052,ベーシックセオロジー,棚指定なし
3-053,新約聖書ギリシャ語文法手引き,棚指定なし
3-054,新聖書辞典,棚指定なし
3-055,聖書教理　Ｑ＆Ａ　第1部,棚指定なし
3-056,聖書教理　Ｑ＆Ａ　第2部,棚指定なし
3-057,聖書教理　Ｑ＆Ａ　第3部,棚指定なし
3-058,ディスペンセイション主義,棚指定なし